,Unnamed: 0,epitope,mhc_type,TRAV,TRAJ,ProteinA,CDR3a,TRBV,TRBJ,ProteinB,beta,mhc,pMHC
0,0,QSSPVQATF,HLA-A*24:02,TRAV24*01,TRAJ23*01,MEKNPLAAPLLILWFHLDCVSSILNVEQSPQSLHVQEGDSTNFTCSFPSSNFYALHWYRWETAKSPEALFVMTLNGDEKKKGRISATLNTKEGYSYLYIKGSQPEDSATYLCARNQGGKLIFGQGTELSVKPX,CARNQGGKLIF,TRBV7-3*01,TRBJ1-1*01,MGTSLLCWAALCLLGADHTGAGVSQTPSNKVTEKGKYVELRCDPISGHTALYWYRQSLGQGPEFLIYFQGTGAADDSGLPNDRFFAVRPEGSVSTLKIQRTERGDSAMYLCASSLNGGPGTEAFFGQGTRLTVVX,CASSLNGGPGTEAFF,YSAMYEEKVAHTDENIAYLMFHYYTWAVQAYTGY,QSSPVQATF<sep>YSAMYEEKVAHTDENIAYLMFHYYTWAVQAYTGY
1,1,QYNKYVEVF,HLA-A*24:02,TRAV24*01,TRAJ23*01,MEKNPLAAPLLILWFHLDCVSSILNVEQSPQSLHVQEGDSTNFTCSFPSSNFYALHWYRWETAKSPEALFVMTLNGDEKKKGRISATLNTKEGYSYLYIKGSQPEDSATYLCAFKMIYNQGGKLIFGQGTELSVKPX,CAFKMIYNQGGKLIF,TRBV5-1*01,TRBJ2-3*01,MGCRLLCWVLLCLLGAGPVKAGVTQTPRYLIKTRGQQVTLSCSPISGHRSVSWYQQTPGQGLQFLFEYFSETQRNKGNFPGRFSGRQFSNSRSEMNVSTLELGDSALYLCASTDLNADTQYFGPGTRLTVLX,CASTDLNADTQYF,YSAMYEEKVAHTDENIAYLMFHYYTWAVQAYTGY,QYNKYVEVF<sep>YSAMYEEKVAHTDENIAYLMFHYYTWAVQAYTGY
691,691,FPVPVLETY,HLA-B*53:01,TRAV8-2,TRAJ26,AQSVTQLDSHVSVSEGTPVLLRCNYSSSYSPSLFWYVQHPNKGLQLLLKYTSAATLVKGINGFEAEFKKSETSFHLTKPSAHMSDAAEYFCVVTDNYGQNFVFGPGTRLSVLP,CVVTDNYGQNFVF,TRBV5-5,TRBJ2-4,DAGVTQSPTHLIKTRGQQVTLRCSPISGHKSVSWYQQVLGQGPQFIFQYYEKEERGRGNFPDRFSARQFPNYSSELNVNALLLGDSALYLCASSPQPTALAKNIQYFGAGTRLSVL,CASSPQPTALAKNIQYF,YYATYRNIFTNTYENIAYIRYDSYTWAVLAYLWY,FPVPVLETY<sep>YYATYRNIFTNTYENIAYIRYDSYTWAVLAYLWY
692,692,FPVPVLETY,HLA-B*53:01,TRAV17,TRAJ45,SQQGEEDPQALSIQEGENATMNCSYKTSINNLQWYRQNSGRGLVHLILIRSNEREKHSGRLRVTLDTSKKSSSLLITASRAADTASYFCATDAWGSGGGADGLTFGKGTHLIIQP,CATDAWGSGGGADGLTF,TRBV19,TRBJ1-1,DGGITQSPKYLFRKEGQNVTLSCEQNLNHDAMYWYRQDPGQGLRLIYYSQIVNDFQKGDIAEGYSVSREKKESFPLTVTSAQKNPTAFYLCATSGAPYKTMNTEAFFGQGTRLTVV,CATSGAPYKTMNTEAFF,YYATYRNIFTNTYENIAYIRYDSYTWAVLAYLWY,FPVPVLETY<sep>YYATYRNIFTNTYENIAYIRYDSYTWAVLAYLWY
693,693,FPVPVLETY,HLA-B*53:01,TRAV19,TRAJ30,AQKVTQAQTEISVVEKEDVTLDCVYETRDTTYYLFWYKQPPSGELVFLIRRNSFDEQNEISGRYSWNFQKSTSSFNFTITASQVVDSAVYFCALSEMNRDDKIIFGKGTRLHILP,CALSEMNRDDKIIF,TRBV9,TRBJ2-2,DSGVTQTPKHLITATGQRVTLRCSPRSGDLSVYWYQQSLDQGLQFLIHYYNGEERAKGNILERFSAQQFPDLHSELNLSSLELGDSALYFCASSASPGARTGELFFGEGSRLTVL,CASSASPGARTGELFF,YYATYRNIFTNTYENIAYIRYDSYTWAVLAYLWY,FPVPVLETY<sep>YYATYRNIFTNTYENIAYIRYDSYTWAVLAYLWY
694,694,GVINALQKV,HLA-A*02:06,TRAV19,TRAJ9,AQKVTQAQTEISVVEKEDVTLDCVYETRDTTYYLFWYKQPPSGELVFLIRRNSFDEQNEISGRYSWNFQKSTSSFNFTITASQVVDSAVYFCALTPLNTGGFKTIFGAGTRLFVKA,CALTPLNTGGFKTIF,TRBV12-4,TRBJ2-3,DAGVIQSPRHEVTEMGQEVTLRCKPISGHDYLFWYRQTMMRGLELLIYFNNNVPIDDSGMPEDRFSAKMPNASFSTLKIQPSEPRDSAVYFCASSFGEADTQYFGPGTRLTVL,CASSFGEADTQYF,YYAMYGEKVAHTHVDTLYVRYHYYTWAVLAYTWY,GVINALQKV<sep>YYAMYGEKVAHTHVDTLYVRYHYYTWAVLAYTWY
695,695,DYQFVHSTF,HLA-A*24:02,TRAV29/DV5,TRAJ24,DQQVKQNSPSLSVQEGRISILNCDYTNSMFDYFLWYKKYPAEGPTFLISISSIKDKNEDGRFTVFLNKSAKHLSLHIVPSQPGDSAVYFCAASLRGTTDSWGKLQFGAGTQVVVTP,CAASLRGTTDSWGKLQF,TRBV12-4,TRBJ1-2,DAGVIQSPRHEVTEMGQEVTLRCKPISGHDYLFWYRQTMMRGLELLIYFNNNVPIDDSGMPEDRFSAKMPNASFSTLKIQPSEPRDSAVYFCASSLGTAYGYTFGSGTRLTVV,CASSLGTAYGYTF,YSAMYEEKVAHTDENIAYLMFHYYTWAVQAYTGY,DYQFVHSTF<sep>YSAMYEEKVAHTDENIAYLMFHYYTWAVQAYTGY
696,696,TLMPVAPPWA,HLA-A*02:01,TRAV24,TRAJ3,ILNVEQSPQSLHVQEGDSTNFTCSFPSSNFYALHWYRWETAKSPEALFVMTLNGDEKKKGRISATLNTKEGYSYLYIKGSQPEDSATYLCAFRGSASKIIFGSGTRLSIRP,CAFRGSASKIIF,TRBV12-3,TRBJ1-1,DAGVIQSPRHEVTEMGQEVTLRCKPISGHNSLFWYRQTMMRGLELLIYFNNNVPIDDSGMPEDRFSAKMPNASFSTLKIQPSEPRDSAVYFCASEGFPNEAFFGQGTRLTVV,CASEGFPNEAFF,YFAMYGEKVAHTHVDTLYVRYHYYTWAVLAYTWY,TLMPVAPPWA<sep>YFAMYGEKVAHTHVDTLYVRYHYYTWAVLAYTWY
697,697,GQAQGIGSSVY,HLA-B*15:01,TRAV12-2,TRAJ31,QKEVEQNSGPLSVPEGAIASLNCTYSDRGSQSFFWYRQYSGKSPELIMFIYSNGDKEDGRFTAQLNKASQYVSLLIRDSQPSDSATYLCAVNNARLMFGDGTQLVVKP,CAVNNARLMF,TRBV11-2,TRBJ2-3,EAGVAQSPRYKIIEKRQSVAFWCNPISGHATLYWYQQILGQGPKLLIQFQNNGVVDDSQLPKDRFSAERLKGVDSTLKIQPAKLEDSAVYLCASSPTGTKFLSTDTQYFGPGTRLTVL,CASSPTGTKFLSTDTQYF,YYAMYREISTNTYESNLYLRYDSYTWAEWAYLWY,GQAQGIGSSVY<sep>YYAMYREISTNTYESNLYLRYDSYTWAEWAYLWY
699,699,AQPGLKTQF,HLA-B*15:01,TRAV12-2,TRAJ10,QKEVEQNSGPLSVPEGAIASLNCTYSDRGSQSFFWYRQYSGKSPELIMFIYSNGDKEDGRFTAQLNKASQYVSLLIRDSQPSDSATYLCAALILTGGGNKLTFGTGTQLKVEL,CAALILTGGGNKLTF,TRBV28,TRBJ2-3,DVKVTQSSRYLVKRTGEKVFLECVQDMDHENMFWYRQDPGLGLRLIYFSYDVKMKEKGDIPEGYSVSREKKERFSLILESASTNQTSMYLCASSSLARTDTQYFGPGTRLTVL,CASSSLARTDTQYF,YYAMYREISTNTYESNLYLRYDSYTWAEWAYLWY,AQPGLKTQF<sep>YYAMYREISTNTYESNLYLRYDSYTWAEWAYLWY
700,700,HPAAHAPMM,HLA-B*35:01,TRAV13-2,TRAJ20,GESVGLHLPTLSVQEGDNSIINCAYSNSASDYFIWYKQESGKGPQFIIDIRSNMDKRQGQRVTVLLNKTVKHLSLQIAATQPGDSAVYFCAESSNDYKLSFGAGTTVTVRA,CAESSNDYKLSF,TRBV28,TRBJ1-2,DVKVTQSSRYLVKRTGEKVFLECVQDMDHENMFWYRQDPGLGLRLIYFSYDVKMKEKGDIPEGYSVSREKKERFSLILESASTNQTSMYLCASSSTSVYYGYTFGSGTRLTVV,CASSSTSVYYGYTF,YYATYRNIFTNTYESNLYIRYDSYTWAVLAYLWY,HPAAHAPMM<sep>YYATYRNIFTNTYESNLYIRYDSYTWAVLAYLWY
701,701,AQPGLKTQF,HLA-B*15:01,TRAV14/DV4,TRAJ32,AQKITQTQPGMFVQEKEAVTLDCTYDTSDPSYGLFWYKQPSSGEMIFLIYQGSYDQQNATEGRYSLNFQKARKSANLVISASQLGDSAMYFCAMREAVYGGATNKLIFGTGTLLAVQP,CAMREAVYGGATNKLIF,TRBV28,TRBJ1-5,DVKVTQSSRYLVKRTGEKVFLECVQDMDHENMFWYRQDPGLGLRLIYFSYDVKMKEKGDIPEGYSVSREKKERFSLILESASTNQTSMYLCASTPLGTGRLAQPQHFGDGTRLSIL,CASTPLGTGRLAQPQHF,YYAMYREISTNTYESNLYLRYDSYTWAEWAYLWY,AQPGLKTQF<sep>YYAMYREISTNTYESNLYLRYDSYTWAEWAYLWY
702,702,FPVPVLETY,HLA-B*53:01,TRAV8-2,TRAJ44,AQSVTQLDSHVSVSEGTPVLLRCNYSSSYSPSLFWYVQHPNKGLQLLLKYTSAATLVKGINGFEAEFKKSETSFHLTKPSAHMSDAAEYFCVVSDTGTASKLTFGTGTRLQVTL,CVVSDTGTASKLTF,TRBV11-2,TRBJ2-5,EAGVAQSPRYKIIEKRQSVAFWCNPISGHATLYWYQQILGQGPKLLIQFQNNGVVDDSQLPKDRFSAERLKGVDSTLKIQPAKLEDSAVYLCASSLEANYRGGKETQYFGPGTRLLVL,CASSLEANYRGGKETQYF,YYATYRNIFTNTYENIAYIRYDSYTWAVLAYLWY,FPVPVLETY<sep>YYATYRNIFTNTYENIAYIRYDSYTWAVLAYLWY
703,703,TLIEGNPPWEV,HLA-A*02:01,TRAV26-1,TRAJ29,DAKTTQPPSMDCAEGRAANLPCNHSTISGNEYVYWYRQIHSQGPQYIIHGLKNNETNEMASLIITEDRKSSTLILPHATLRDTAVYYCIVCHRNTPLVFGKGTRLSVIA,CIVCHRNTPLVF,TRBV9,TRBJ2-1,DSGVTQTPKHLITATGQRVTLRCSPRSGDLSVYWYQQSLDQGLQFLIQYYNGEERAKGNILERFSAQQFPDLHSELNLSSLELGDSALYFCASSDGTSGRDEQFFGPGTRLTVL,CASSDGTSGRDEQFF,YFAMYGEKVAHTHVDTLYVRYHYYTWAVLAYTWY,TLIEGNPPWEV<sep>YFAMYGEKVAHTHVDTLYVRYHYYTWAVLAYTWY
704,704,AVKPKAAKLK,HLA-A*03:01,TRAV14/DV4,TRAJ39,AQKITQTQPGMFVQEKEAVTLDCTYDTSDQSYGLFWYKQPSSGEMIFLIYQGSYDEQNATEGRYSLNFQKARKSANLVISASQLGDSAMYFCAMREFRGNMLTFGGGTRLMVKP,CAMREFRGNMLTF,TRBV9,TRBJ2-1,DSGVTQTPKHLITATGQRVTLRCSPRSGDLSVYWYQQSLDQGLQFLIQYYNGEERAKGNILERFSAQQFPDLHSELNLSSLELGDSALYFCASSVDDSGGTYNEQFFGPGTRLTVL,CASSVDDSGGTYNEQFF,YFAMYQENVAQTDVDTLYIIYRDYTWAELAYTWY,AVKPKAAKLK<sep>YFAMYQENVAQTDVDTLYIIYRDYTWAELAYTWY
705,705,IIFDSDWNL,HLA-A*02:01,TRAV19,TRAJ17,AQKVTQAQTEISVVEKEDVTLDCVYETRDTTYYLFWYKQPPSGELVFLIRRNSFDEQNEISGRYSWNFQKSTSSFNFTITASQVVDSAVYFCALSEANTAGNKLTFGGGTRVLVKP,CALSEANTAGNKLTF,TRBV9,TRBJ2-2,DSGVTQTPKHLITATGQRVTLRCSPRSGDLSVYWYQQSLDQGLQFLIQYYNGEERAKGNILERFSAQQFPDLHSELNLSSLELGDSALYFCASSVETGANTGELFFGEGSRLTVL,CASSVETGANTGELFF,YFAMYGEKVAHTHVDTLYVRYHYYTWAVLAYTWY,IIFDSDWNL<sep>YFAMYGEKVAHTHVDTLYVRYHYYTWAVLAYTWY
706,706,GQAQGIGSSVY,HLA-B*15:01,TRAV4,TRAJ31,LAKTTQPISMDSYEGQEVNITCSHNNIATNDYITWYQQFPSQGPRFIIQGYKTKVTNEVASLFIPADRKSSTLSLPRVSLSDTAVYYCLVGENNARLMFGDGTQLVVKP,CLVGENNARLMF,TRBV4-1,TRBJ2-5,DTEVTQTPKHLVMGMTNKKSLKCEQHMGHRAMYWYKQKAKKPPELMFVYSYEKLSINESVPSRFSPECPNSSLLNLHLHALQPEDSALYLCASSPAGVGTQYFGPGTRLLVL,CASSPAGVGTQYF,YYAMYREISTNTYESNLYLRYDSYTWAEWAYLWY,GQAQGIGSSVY<sep>YYAMYREISTNTYESNLYLRYDSYTWAEWAYLWY
707,707,GQAQGIGSSVY,HLA-B*15:01,TRAV4,TRAJ27,LAKTTQPISMDSYEGQEVNITCSHNNIATNDYITWYQQFPSQGPRFIIQGYKTKVTNEVASLFIPADRKSSTLSLPRVSLSDTAVYYCLVGENAGKSTFGDGTTLTVKP,CLVGENAGKSTF,TRBV4-1,TRBJ2-1,DTEVTQTPKHLVMGMTNKKSLKCEQHMGHRAMYWYKQKAKKPPELMFVYSYEKLSINESVPSRFSPECPNSSLLNLHLHALQPEDSALYLCASSQAGGTSGAEGQFFGPGTRLTVL,CASSQAGGTSGAEGQFF,YYAMYREISTNTYESNLYLRYDSYTWAEWAYLWY,GQAQGIGSSVY<sep>YYAMYREISTNTYESNLYLRYDSYTWAEWAYLWY
708,708,YPVSTTVEF,HLA-B*53:01,TRAV1-2,TRAJ20,GQNIDQPTEMTATEGAIVQINCTYQTSGFNGLFWYQQHAGEAPTFLSYNVLDGLEEKGRFSSFLSRSKGYSYLLLKELQMKDSASYLCAVIANDYKLSFGAGTTVTVRA,CAVIANDYKLSF,TRBV4-1,TRBJ1-5,DTEVTQTPKHLVMGMTNKKSLKCEQHMGHRAMYWYKQKAKKPPELMFVYSYEKLSINESVPSRFSPECPNSSLLNLHLHALQPEDSALYLCASSQWGGSNQPQHFGDGTRLSIL,CASSQWGGSNQPQHF,YYATYRNIFTNTYENIAYIRYDSYTWAVLAYLWY,YPVSTTVEF<sep>YYATYRNIFTNTYENIAYIRYDSYTWAVLAYLWY
709,709,GQAQGIGSSVY,HLA-B*15:01,TRAV26-2,TRAJ43,DAKTTQPNSMESNEEEPVHLPCNHSTISGTDYIHWYRQLPSQGPEYVIHGLTSNVNNRMASLAIAEDRKSSTLILHRATLRDAAVYYCILRDGNNDMRFGAGTRLTVKP,CILRDGNNDMRF,TRBV4-1,TRBJ2-1,DTEVTQTPKHLVMGMTNKKSLKCEQHMGHRAMYWYKQKAKKPPELMFVYSYEKLSINESVPSRFSPECPNSSLLNLHLHALQPEDSALYLCASSRTSATYNEQFFGPGTRLTVL,CASSRTSATYNEQFF,YYAMYREISTNTYESNLYLRYDSYTWAEWAYLWY,GQAQGIGSSVY<sep>YYAMYREISTNTYESNLYLRYDSYTWAEWAYLWY
710,710,LLYWLSTQK,HLA-A*03:01,TRAV3,TRAJ38,AQSVAQPEDQVNVAEGNPLTVKCTYSVSGNPYLFWYVQYPNRGLQFLLKYITGDNLVKGSYGFEAEFNKSQTSFHLKKPSALVSDSALYFCAVRDITGNNRKLIWGLGTSLAVNP,CAVRDITGNNRKLIW,TRBV7-9,TRBJ2-3,DTGVSQDPRHKITKRGQNVTFRCDPISEHNRLYWYRQTLGQGPEFLTYFQNEAQLEKSRLLSDRFSAERPKGSFSTLEIQRTEQGDSAMYLCASSASDSYTDTQYFGPGTRLTVL,CASSASDSYTDTQYF,YFAMYQENVAQTDVDTLYIIYRDYTWAELAYTWY,LLYWLSTQK<sep>YFAMYQENVAQTDVDTLYIIYRDYTWAELAYTWY
711,711,AAAAAGVSFTK,HLA-A*11:01,TRAV12-3,TRAJ39,QKEVEQDPGPLSVPEGAIVSLNCTYSNSAFQYFMWYRQYSRKGPELLMYTYSSGNKEDGRFTAQVDKSSKYISLFIRDSQPSDSATYLCAMSAGNAGNMLTFGGGTRLMVKP,CAMSAGNAGNMLTF,TRBV7-9,TRBJ1-2,DTGVSQDPRHKITKRGQNVTFRCDPISEHNRLYWYRQTLGQGPEFLTYFQNEAQLEKSRLLSDRFSAERPKGSFSTLEIQRTEQGDSAMYLCASSLNTPGYTFGSGTRLTVV,CASSLNTPGYTF,YYAMYQENVAQTDVDTLYIIYRDYTWAAQAYRWY,AAAAAGVSFTK<sep>YYAMYQENVAQTDVDTLYIIYRDYTWAAQAYRWY
712,712,AAAAAGVSFTK,HLA-A*11:01,TRAV39,TRAJ41,ELKVEQNPLFLSMQEGKNYTIYCNYSTTSDRLYWYRQDPGKSLESLFVLLSNGAVKQEGRLMASLDTKARLSTLHITAAVHDLSATYFCAVDPTDSGYALNFGKGTSLLVTP,CAVDPTDSGYALNF,TRBV27,TRBJ2-3,EAQVTQNPRYLITVTGKKLTVTCSQNMNHEYMSWYRQDPGLGLRQIYYSMNVEVTDKGDVPEGYKVSRKEKRNFPLILESPSPNQTSLYFCASSLWGGSTDTQYFGPGTRLTVL,CASSLWGGSTDTQYF,YYAMYQENVAQTDVDTLYIIYRDYTWAAQAYRWY,AAAAAGVSFTK<sep>YYAMYQENVAQTDVDTLYIIYRDYTWAAQAYRWY
714,714,LLYWLSTQK,HLA-A*03:01,TRAV12-3,TRAJ23,QKEVEQDPGPLSVPEGAIVSLNCTYSNSAFQYFMWYRQYSRKGPELLMYTYSSGNKEDGRFTAQVDKSSKYISLFIRDSQPSDSATYLCAIQGGKLIFGQGTELSVKP,CAIQGGKLIF,TRBV20-1,TRBJ2-5,GAVVSQHPSWVICKSGTSVKIECRSLDFQATTMFWYRQFPKQSLMLMATSNEGSKATYEQGVEKDKFLINHASLTLSTLTVTSAHPEDSSFYICSARAASGRDKTQYFGPGTRLLVL,CSARAASGRDKTQYF,YFAMYQENVAQTDVDTLYIIYRDYTWAELAYTWY,LLYWLSTQK<sep>YFAMYQENVAQTDVDTLYIIYRDYTWAELAYTWY
715,715,AAAAAGVSFTK,HLA-A*11:01,TRAV12-2,TRAJ34,QKEVEQNSGPLSVPEGAIASLNCTYSDRGSQSFFWYRQYSGKSPELIMFIYSNGDKEDGRFTAQLNKASQYVSLLIRDSQPSDSATYLCAVQENTDKLIFGTGTRLQVFP,CAVQENTDKLIF,TRBV20-1,TRBJ2-4,GAVVSQHPSWVICKSGTSVKIECRSLDFQATTMFWYRQFPKQSLMLMATSNEGSKATYEQGVEKDKFLINHASLTLSTLTVTSAHPEDSSFYICSARDRELLGIQYFGAGTRLSVL,CSARDRELLGIQYF,YYAMYQENVAQTDVDTLYIIYRDYTWAAQAYRWY,AAAAAGVSFTK<sep>YYAMYQENVAQTDVDTLYIIYRDYTWAAQAYRWY
716,716,AAAAAGVSFTK,HLA-A*11:01,TRAV12-2,TRAJ49,QKEVEQNSGPLSVPEGAIASLNCTYSDRGSQSFFWYRQYSGKSPELIMFIYSNGDKEDGRFTAQLNKASQYVSLLIRDSQPSDSATYLCAVKNSGNQFYFGTGTSLTVIP,CAVKNSGNQFYF,TRBV16,TRBJ2-5,GEEVAQTPKHLVRGEGQKAKLYCAPIKGHSYVFWYQQVLKNEFKFLISFQNENVFDETGMPKERFSAKCLPNSPCSLEIQATKLEDSAVYFCASSRADLETQYFGPGTRLLVL,CASSRADLETQYF,YYAMYQENVAQTDVDTLYIIYRDYTWAAQAYRWY,AAAAAGVSFTK<sep>YYAMYQENVAQTDVDTLYIIYRDYTWAAQAYRWY
717,717,GVINALQKV,HLA-A*02:06,TRAV8-2,TRAJ30,AQSVTQLDSHVSVSEGTPVLLRCNYSSSYSPSLFWYVQHPNKGLQLLLKYTSAATLVKGINGFEAEFKKSETSFHLTKPSAHMSDAAEYFCVVSDPWDDKIIFGKGTRLHILP,CVVSDPWDDKIIF,TRBV6-5,TRBJ2-3,NAGVTQTPKFQVLKTGQSMTLQCAQDMNHEYMSWYRQDPGMGLRLIHYSVGAGITDQGEVPNGYNVSRSTTEDFPLRLLSAAPSQTSVYFCASGLGGGGTDTQYFGPGTRLTVL,CASGLGGGGTDTQYF,YYAMYGEKVAHTHVDTLYVRYHYYTWAVLAYTWY,GVINALQKV<sep>YYAMYGEKVAHTHVDTLYVRYHYYTWAVLAYTWY
718,718,FPVPVLETY,HLA-B*53:01,TRAV8-4,TRAJ31,AQSVTQLGSHVSVSEGALVLLRCNYSSSVPPYLFWYVQYPNQGLQLLLKYTSAATLVKGINGFEAEFKKSETSFHLTKPSAHMSDAAEYFCAVSVGARLMFGDGTQLVVKP,CAVSVGARLMF,TRBV6-1,TRBJ1-2,NAGVTQTPKFQVLKTGQSMTLQCAQDMNHNSMYWYRQDPGMGLRLIYYSASEGTTDKGEVPNGYNVSRLNKREFSLRLESAAPSQTSVYFCASSEERLGYTFYGYTFGSGTRLTVV,CASSEERLGYTFYGYTF,YYATYRNIFTNTYENIAYIRYDSYTWAVLAYLWY,FPVPVLETY<sep>YYATYRNIFTNTYENIAYIRYDSYTWAVLAYLWY
719,719,HPAAHAPMM,HLA-B*35:01,TRAV9-2,TRAJ26,GDSVTQMEGPVTLSEEAFLTINCTYTATGYPSLFWYVQYPGEGLQLLLKATKADDKGSNKGFEATYRKETTSFHLEKGSVQVSDSAVYFCALIIKDYGQNFVFGPGTRLSVLP,CALIIKDYGQNFVF,TRBV5-1,TRBJ2-1,KAGVTQTPRYLIKTRGQQVTLSCSPISGHRSVSWYQQTPGQGLQFLFEYFSETQRNKGNFPGRFSGRQFSNSRSEMNVSTLELGDSALYLCASSLGEGLIDEQFFGPGTRLTVL,CASSLGEGLIDEQFF,YYATYRNIFTNTYESNLYIRYDSYTWAVLAYLWY,HPAAHAPMM<sep>YYATYRNIFTNTYESNLYIRYDSYTWAVLAYLWY
720,720,AVKPKAAKLK,HLA-A*03:01,TRAV3,TRAJ12,AQSVAQPEDQVNVAEGNPLTVKCTYSVSGNPYLFWYVQYPNRGLQFLLKYITGDNLVKGSYGFEAEFNKSQTSFHLKKPSALVSDSALYFCAVSPVKSSYKLIFGSGTRLLVRP,CAVSPVKSSYKLIF,TRBV5-1,TRBJ2-1,KAGVTQTPRYLIKTRGQQVTLSCSPISGHRSVSWYQQTPGQGLQFLFEYFSETQRNKGNFPGRFSGRQFSNSRSEMNVSTLELGDSALYLCASTEDDSGFNEQFFGPGTRLTVL,CASTEDDSGFNEQFF,YFAMYQENVAQTDVDTLYIIYRDYTWAELAYTWY,AVKPKAAKLK<sep>YFAMYQENVAQTDVDTLYIIYRDYTWAELAYTWY
721,721,TLIEGNPPWEV,HLA-A*02:01,TRAV35,TRAJ43,GQQLNQSPQSMFIQEGEDVSMNCTSSSIFNTWLWYKQDPGEGPVLLIALYKAGELTSNGRLTAQFGITRKDSFLNISASIPSDVGIYFCAGLMYNNNDMRFGAGTRLTVKP,CAGLMYNNNDMRF,TRBV5-4,TRBJ2-7,ETGVTQSPTHLIKTRGQQVTLRCSSQSGHNTVSWYQQALGQGPQFIFQYYREEENGRGNFPPRFSGLQFPNYSSELNVNALELDDSALYLCASVSGYGEQYFGPGTRLTVT,CASVSGYGEQYF,YFAMYGEKVAHTHVDTLYVRYHYYTWAVLAYTWY,TLIEGNPPWEV<sep>YFAMYGEKVAHTHVDTLYVRYHYYTWAVLAYTWY
722,722,YPVSTTVEF,HLA-B*53:01,TRAV1-1,TRAJ26,GQSLEQPSEVTAVEGAIVQINCTYQTSGFYGLSWYQQHDGGAPTFLSYNALDGLEETGRFSSFLSRSDSYGYLLLQELQMKDSASYFCAVRNYGQNFVFGPGTRLSVLP,CAVRNYGQNFVF,TRBV7-6,TRBJ2-1,GAGVSQSPRYKVTKRGQDVALRCDPISGHVSLYWYRQALGQGPEFLTYFNYEAQQDKSGLPNDRFSAERPEGSISTLTIQRTEQRDSAMYRCASHRDGSSHEQFFGPGTRLTVL,CASHRDGSSHEQFF,YYATYRNIFTNTYENIAYIRYDSYTWAVLAYLWY,YPVSTTVEF<sep>YYATYRNIFTNTYENIAYIRYDSYTWAVLAYLWY
723,723,HPAAHAPMM,HLA-B*35:01,TRAV19,TRAJ32,AQKVTQAQTEISVVEKEDVTLDCVYETRDTTYYLFWYKQPPSGELVFLIRRNSFDEQNEISGRYSWNFQKSTSSFNFTITASQVVDSAVYFCALSEWNYGGATNKLIFGTGTLLAVQP,CALSEWNYGGATNKLIF,TRBV7-6,TRBJ2-5,GAGVSQSPRYKVTKRGQDVALRCDPISGHVSLYWYRQALGQGPEFLTYFNYEAQQDKSGLPNDRFSAERPEGSISTLTIQRTEQRDSAMYRCASSPRDSGLPETQYFGPGTRLLVL,CASSPRDSGLPETQYF,YYATYRNIFTNTYESNLYIRYDSYTWAVLAYLWY,HPAAHAPMM<sep>YYATYRNIFTNTYESNLYIRYDSYTWAVLAYLWY
724,724,FPVPVLETY,HLA-B*53:01,TRAV8-6,TRAJ6,AQSVTQLDSQVPVFEEAPVELRCNYSSSVSVYLFWYVQYPNQGLQLLLKYLSGSTLVKGINGFEAEFNKSQTSFHLRKPSVHISDTAEYFCAVRDSGGSYIPTFGRGTSLIVHP,CAVRDSGGSYIPTF,TRBV7-2,TRBJ2-7,GAGVSQSPSNKVTEKGKDVELRCDPISGHTALYWYRQSLGQGLEFLIYFQGNSAPDKSGLPSDRFSAERTGGSVSTLTIQRTQQEDSAVYLCASSFMGPYEQYFGPGTRLTVT,CASSFMGPYEQYF,YYATYRNIFTNTYENIAYIRYDSYTWAVLAYLWY,FPVPVLETY<sep>YYATYRNIFTNTYENIAYIRYDSYTWAVLAYLWY
725,725,FPVPVLETY,HLA-B*53:01,TRAV19,TRAJ34,AQKVTQAQTEISVVEKEDVTLDCVYETRDTTYYLFWYKQPPSGELVFLIRRNSFDEQNEISGRYSWNFQKSTSSFNFTITASQVVDSAVYFCALSEFQRTDKLIFGTGTRLQVFP,CALSEFQRTDKLIF,TRBV7-2,TRBJ1-4,GAGVSQSPSNKVTEKGKDVELRCDPISGHTALYWYRQSLGQGLEFLIYFQGNSAPDKSGLPSDRFSAERTGGSVSTLTIQRTQQEDSAVYLCASTTGVRTNEKLFFGSGTQLSVL,CASTTGVRTNEKLFF,YYATYRNIFTNTYENIAYIRYDSYTWAVLAYLWY,FPVPVLETY<sep>YYATYRNIFTNTYENIAYIRYDSYTWAVLAYLWY
726,726,SQYPVFDVSTY,HLA-B*15:01,TRAV16,TRAJ31,AQRVTQPEKLLSVFKGAPVELKCNYSYSGSPELFWYVQYSRQRLQLLLRHISRESIKGFTADLNKGETSFHLKKPFAQEEDSAMYYCALSAPNARLMFGDGTQLVVKP,CALSAPNARLMF,TRBV20-1,TRBJ2-1,GAVVSQHPSRVICKSGTSVKIECRSLDFQATTMFWYRQFPKQSLMLMATSNEGSKATYEQGVEKDKFLINHASLTLSTLTVTSAHPEDSSFYICSASLGLKQFFGPGTRLTVL,CSASLGLKQFF,YYAMYREISTNTYESNLYLRYDSYTWAEWAYLWY,SQYPVFDVSTY<sep>YYAMYREISTNTYESNLYLRYDSYTWAEWAYLWY
727,727,DDYISVYSV,HLA-B*18:01,TRAV13-1,TRAJ24,GENVEQHPSTLSVQEGDSAVIKCTYSDSASNYFPWYKQELGKGPQLIIDIRSNVGEKKDQRIAVTLNKTAKHFSLHITETQPEDSAVYFCAASFGKLQFGAGTQVVVTP,CAASFGKLQF,TRBV27,TRBJ1-4,EAQVTQNPRYLITVTGKKLTVTCSQNMNHEYMSWYRQDPGLGLRQIYYSMNVEVTDKGDVPEGYKVSRKEKRNFPLILESPSPNQTSLYFCASSLSVQGAEKLFFGSGTQLSVL,CASSLSVQGAEKLFF,YHSTYRNISTNTYESNLYLRYDSYTWAVLAYTWH,DDYISVYSV<sep>YHSTYRNISTNTYESNLYLRYDSYTWAVLAYTWH
728,728,GQAQGIGSSVY,HLA-B*15:01,TRAV36/DV7,TRAJ34,EDKVVQSPLSLVVHEGDTVTLNCSYEVTNFRSLLWYKQEKKAPTFLFMLTSSGIEKKSGRLSSILDKKELFSILNITATQTGDSAIYLCAVGNTDKLIFGTGTRLQVFP,CAVGNTDKLIF,TRBV29-1,TRBJ2-7,SAVISQKPSRDICQRGTSLTIQCQVDSQVTMMFWYRQQPGQSLTLIATANQGSEATYESGFVIDKFPISRPNLTFSTLTVSNMSPEDSSIYLCSVEWYRDEQYFGPGTRLTVT,CSVEWYRDEQYF,YYAMYREISTNTYESNLYLRYDSYTWAEWAYLWY,GQAQGIGSSVY<sep>YYAMYREISTNTYESNLYLRYDSYTWAEWAYLWY
729,729,GQAQGIGSSVY,HLA-B*15:01,TRAV25,TRAJ52,GQQVMQIPQYQHVQEGEDFTTYCNSSTTLSNIQWYKQRPGGHPVFLIQLVKSGEVKKQKRLTFQFGEAKKNSSLHITATQTTDVGTYFCAPDPGTSYGKLTFGQGTILTVHP,CAPDPGTSYGKLTF,TRBV29-1,TRBJ2-3,SAVISQKPSRDICQRGTSLTIQCQVDSQVTMMFWYRQQPGQSLTLIATANQGSEATYESGFVIDKFPISRPNLTFSTLTVSNMSPEDSSIYLCSVEWYRDTQYFGPGTRLTVL,CSVEWYRDTQYF,YYAMYREISTNTYESNLYLRYDSYTWAEWAYLWY,GQAQGIGSSVY<sep>YYAMYREISTNTYESNLYLRYDSYTWAEWAYLWY
730,730,YAIQYLQKF,HLA-B*53:01,TRAV13-2,TRAJ40,GESVGLHLPTLSVQEGDNSIINCAYSNSASDYFIWYKQESGKGPQFIIDIRSNMDKRQGQRVTVLLNKTVKHLSLQIAATQPGDSAVYFCAEAPGTYKYIFGTGTRLKVLA,CAEAPGTYKYIF,TRBV30,TRBJ2-5,SQTIHQWPATLVQPVGSPLSLECTVEGTSNPNLYWYRQAAGRGLQLLFYSVGIGQISSEVPQNLSASRPQDRQFILSSKKLLLSDSGFYLCAWERGSGGETQYFGPGTRLLVL,CAWERGSGGETQYF,YYATYRNIFTNTYENIAYIRYDSYTWAVLAYLWY,YAIQYLQKF<sep>YYATYRNIFTNTYENIAYIRYDSYTWAVLAYLWY
731,731,HPAAHAPMM,HLA-B*35:01,TRAV29/DV5,TRAJ42,DQQVKQNSPSLSVQEGRISILNCDYTNSMFDYFLWYKKYPAEGPTFLISISSIKDKNEDGRFTVFLNKSAKHLSLHIVPSQPGDSAVYFCAASALNYGGSQGNLIFGKGTKLSVKP,CAASALNYGGSQGNLIF,TRBV6-6,TRBJ2-3,NAGVTQTPKFRILKIGQSMTLQCAQDMNHNYMYWYRQDPGMGLKLIYYSVGAGITDKGEVPNGYNVSRSTTEDFPLRLELAAPSQTSVYFCASSSVGGTDTQYFGPGTRLTVL,CASSSVGGTDTQYF,YYATYRNIFTNTYESNLYIRYDSYTWAVLAYLWY,HPAAHAPMM<sep>YYATYRNIFTNTYESNLYIRYDSYTWAVLAYLWY
732,732,FPVPVLETY,HLA-B*53:01,TRAV8-2,TRAJ40,AQSVTQLDSHVSVSEGTPVLLRCNYSSSYSPSLFWYVQHPNKGLQLLLKYTSAATLVKGINGFEAEFKKSETSFHLTKPSAHMSDAAEYFCVVSDRPSGTYKYIFGTGTRLKVLA,CVVSDRPSGTYKYIF,TRBV6-2,TRBJ2-1,NAGVTQTPKFRVLKTGQSMTLLCAQDMNHEYMYWYRQDPGMGLRLIHYSVGEGTTAKGEVPDGYNVSRLKKQNFLLGLESAAPSQTSVYFCASSPRESSYNEQFFGPGTRLTVL,CASSPRESSYNEQFF,YYATYRNIFTNTYENIAYIRYDSYTWAVLAYLWY,FPVPVLETY<sep>YYATYRNIFTNTYENIAYIRYDSYTWAVLAYLWY
733,733,GQAQGIGSSVY,HLA-B*15:01,TRAV8-2,TRAJ23,AQSVTQLDSHVSVSEGTPVLLRCNYSSSYSPSLFWYVQHPNKGLQLLLKYTSAATLVKGINGFEAEFKKSETSFHLTKPSAHMSDAAEYFCVVSVGVQGGKLIFGQGTELSVKP,CVVSVGVQGGKLIF,TRBV29-1,TRBJ2-1,SAVISQKPSRDICQRGTSLTIQCQVDSQVTMMFWYRQQPGQSLTLIATANQGSEATYESGFVIDKFPISRPNLTFSTLTVSNMSPEDSSIYLCSAEWGRDEQFFGPGTRLTVL,CSAEWGRDEQFF,YYAMYREISTNTYESNLYLRYDSYTWAEWAYLWY,GQAQGIGSSVY<sep>YYAMYREISTNTYESNLYLRYDSYTWAEWAYLWY
734,734,AAAAAGVSFTK,HLA-A*11:01,TRAV12-2,TRAJ44,QKEVEQNSGPLSVPEGAIASLNCTYSDRGSQSFFWYRQYSGKSPELIMFIYSNGDKEDGRFTAQLNKASQYVSLLIRDSQPSDSATYLCATGGTGTASKLTFGTGTRLQVTL,CATGGTGTASKLTF,TRBV29-1,TRBJ2-2,SAVISQKPSRDICQRGTSLTIQCQVDSQVTMMFWYRQQPGQSLTLIATANQGSEATYESGFVIDKFPISRPNLTFSTLTVSNMSPEDSSIYLCSARDRDTGELFFGEGSRLTVL,CSARDRDTGELFF,YYAMYQENVAQTDVDTLYIIYRDYTWAAQAYRWY,AAAAAGVSFTK<sep>YYAMYQENVAQTDVDTLYIIYRDYTWAAQAYRWY
735,735,GQAQGIGSSVY,HLA-B*15:01,TRAV12-3,TRAJ34,QKEVEQDPGPLSVPEGAIVSLNCTYSNSAFQYFMWYRQYSRKGPELLMYTYSSGNKEDGRFTAQVDKSSKYISLFIRDSQPSDSATYLCAMGFTDKLIFGTGTRLQVFP,CAMGFTDKLIF,TRBV29-1,TRBJ2-7,SAVISQKPSRDICQRGTSLTIQCQVDSQVTMMFWYRQQPGQSLTLIATANQGSEATYESGFVIDKFPISRPNLTFSTLTVSNMSPEDSSIYLCSVEDNRYEQYFGPGTRLTVT,CSVEDNRYEQYF,YYAMYREISTNTYESNLYLRYDSYTWAEWAYLWY,GQAQGIGSSVY<sep>YYAMYREISTNTYESNLYLRYDSYTWAEWAYLWY
736,736,GQAQGIGSSVY,HLA-B*15:01,TRAV27,TRAJ21,TQLLEQSPQFLSIQEGENLTVYCNSSSVFSSLQWYRQEPGEGPVLLVTVVTGGEVKKLKRLTFQFGDARKDSSLHITAAQTGDTGLYLCAGVVENNFNKFYFGSGTKLNVKP,CAGVVENNFNKFYF,TRBV29-1,TRBJ2-1,SAVISQKPSRDICQRGTSLTIQCQVDSQVTMMFWYRQQPGQSLTLIATANQGSEATYESGFVIDKFPISRPNLTFSTLTVSNMSPEDSSIYLCSVEWFRNEQFFGPGTRLTVL,CSVEWFRNEQFF,YYAMYREISTNTYESNLYLRYDSYTWAEWAYLWY,GQAQGIGSSVY<sep>YYAMYREISTNTYESNLYLRYDSYTWAEWAYLWY
737,737,GQAQGIGSSVY,HLA-B*15:01,TRAV25,TRAJ8,GQQVMQIPQYQHVQEGEDFTTYCNSSTTLSNIQWYKQRPGGHPVFLIQLVKSGEVKKQKRLTFQFGEAKKNSSLHITATQTTDVGTYFCAGLGTNTGFQKLVFGTGTRLLVSP,CAGLGTNTGFQKLVF,TRBV29-1,TRBJ2-1,SAVISQKPSRDICQRGTSLTIQCQVDSQVTMMFWYRQQPGQSLTLIATANQGSEATYESGFVIDKFPISRPNLTFSTLTVSNMSPEDSSIYLCSVEWGYEQFFGPGTRLTVL,CSVEWGYEQFF,YYAMYREISTNTYESNLYLRYDSYTWAEWAYLWY,GQAQGIGSSVY<sep>YYAMYREISTNTYESNLYLRYDSYTWAEWAYLWY
738,738,GQAQGIGSSVY,HLA-B*15:01,TRAV17,TRAJ39,SQQGEEDPQALSIQEGENATMNCSYKTSINNLQWYRQNSGRGLVHLILIRSNEREKHSGRLRVTLDTSKKSSSLLITASRAADTASYFCATRGVDNAGNMLTFGGGTRLMVKP,CATRGVDNAGNMLTF,TRBV29-1,TRBJ2-1,SAVISQKPSRDICQRGTSLTIQCQVDSQVTMMFWYRQQPGQSLTLIATANQGSEATYESGFVIDKFPISRPNLTFSTLTVSNMSPEDSSIYLCSVEWSANEQFFGPGTRLTVL,CSVEWSANEQFF,YYAMYREISTNTYESNLYLRYDSYTWAEWAYLWY,GQAQGIGSSVY<sep>YYAMYREISTNTYESNLYLRYDSYTWAEWAYLWY
739,739,GQAQGIGSSVY,HLA-B*15:01,TRAV12-3,TRAJ23,QKEVEQDPGPLSVPEGAIVSLNCTYSNSAFQYFMWYRQYSRKGPELLMYTYSSGNKEDGRFTAQVDKSSKYISLFIRDSQPSDSATYLCATQGGKLIFGQGTELSVKP,CATQGGKLIF,TRBV29-1,TRBJ2-1,SAVISQKPSRDICQRGTSLTIQCQVDSQVTMMFWYRQQPGQSLTLIATANQGSEATYESGFVIDKFPISRPNLTFSTLTVSNMSPEDSSIYLCSVEWSLGEQFFGPGTRLTVL,CSVEWSLGEQFF,YYAMYREISTNTYESNLYLRYDSYTWAEWAYLWY,GQAQGIGSSVY<sep>YYAMYREISTNTYESNLYLRYDSYTWAEWAYLWY
740,740,GQAQGIGSSVY,HLA-B*15:01,TRAV25,TRAJ54,GQQVMQIPQYQHVQEGEDFTTYCNSSTTLSNIQWYKQRPGGHPVFLIQLVKSGEVKKQKRLTFQFGEAKKNSSLHITATQTTDVGTYFCAGKGVYQGAQKLVFGQGTRLTINP,CAGKGVYQGAQKLVF,TRBV29-1,TRBJ2-7,SAVISQKPSRDICQRGTSLTIQCQVDSQVTMMFWYRQQPGQSLTLIATANQGSEATYESGFVIDKFPISRPNLTFSTLTVSNMSPEDSSIYLCSVEWTYEQYFGPGTRLTVT,CSVEWTYEQYF,YYAMYREISTNTYESNLYLRYDSYTWAEWAYLWY,GQAQGIGSSVY<sep>YYAMYREISTNTYESNLYLRYDSYTWAEWAYLWY
741,741,DYIIRSHKV,HLA-A*24:02,TRAV3*01,TRAJ40*01,,CAVSPLTSGTYKYIF,TRBV30*01,TRBJ2-5*01,,CAWSEGDETQYF,YSAMYEEKVAHTDENIAYLMFHYYTWAVQAYTGY,DYIIRSHKV<sep>YSAMYEEKVAHTDENIAYLMFHYYTWAVQAYTGY
742,742,YLHAYAKAL,HLA-C*03:03,TRAV24*01,TRAJ26*01,,CAFDNYGQNFVF,TRBV28*01,TRBJ2-1*01,,CASSLTGSFNEQFF,YYAGYREKYRQTDVSNLYIRYDYYTWAELAYLWY,YLHAYAKAL<sep>YYAGYREKYRQTDVSNLYIRYDYYTWAELAYLWY
743,743,RTHPGRPFF,HLA-C*12:02,TRAV22*01,TRAJ34*01,,CAVVLSYNTDKLIF,TRBV28*01,TRBJ2-5*01,,CASSLSPPGYLETQYF,YYAGYREKYRQADVSNLYLRYDSYTWAEWAYTWY,RTHPGRPFF<sep>YYAGYREKYRQADVSNLYLRYDSYTWAEWAYTWY
744,744,MRTHPGRPFF,HLA-B*39:01,TRAV8-4*01,TRAJ33*01,,CAVTDSNYQLIW,TRBV24-1*01,TRBJ2-5*01,,CATSDFQRGEETQYF,YYSEYRNICTNTDESNLYLRYNFYTWAVLTYTWY,MRTHPGRPFF<sep>YYSEYRNICTNTDESNLYLRYNFYTWAVLTYTWY
745,745,FAFRWVLGIAY,HLA-B*35:01,TRAV8-1*01,TRAJ24*03,,CAVNLLTDSWGKFQF,TRBV2*01,TRBJ2-1*01,,CATMGSGGNEQFF,YYATYRNIFTNTYESNLYIRYDSYTWAVLAYLWY,FAFRWVLGIAY<sep>YYATYRNIFTNTYESNLYIRYDSYTWAVLAYLWY
746,746,FEADTFFHFV,HLA-B*40:01,TRAV27*01,TRAJ28*01,,CAGLLGDSGAGSYQLTF,TRBV10-3*01,TRBJ2-1*01,,CAISESWMSSYNEQFF,YHTKYREISTNTYESNLYLRYNYYSLAVLAYEWY,FEADTFFHFV<sep>YHTKYREISTNTYESNLYLRYNYYSLAVLAYEWY
747,747,ALDYIHHVGYV,HLA-A*01:01,TRAV12-3*01,TRAJ28*01,,CAMSPTYSGAGSYQLTF,TRBV20-1*01,TRBJ2-7*01,,CSASLLGEGYEQYF,YFAMYQENMAHTDANTLYIIYRDYTWVARVYRGY,ALDYIHHVGYV<sep>YFAMYQENMAHTDANTLYIIYRDYTWVARVYRGY
748,748,AGVNQISYW,HLA-A*24:02,TRAV13-1*02,TRAJ52*01,,CAASRGPAGGTSYGKLTF,TRBV4-1*01,TRBJ1-5*01,,CASSQDAWWLSQPQHF,YSAMYEEKVAHTDENIAYLMFHYYTWAVQAYTGY,AGVNQISYW<sep>YSAMYEEKVAHTDENIAYLMFHYYTWAVQAYTGY
749,749,LRFLRNGLT,HLA-C*06:02,TRAV17*01,TRAJ26*01,,CATDEGNFVF,TRBV6-5*01,TRBJ2-5*01,,CASSPGQRETQYF,YDSGYREKYRQADVNKLYLWYDSYTWAEWAYTWY,LRFLRNGLT<sep>YDSGYREKYRQADVNKLYLWYDSYTWAEWAYTWY
750,750,EMQLTPFFI,HLA-A*24:02,TRAV38-2/DV8*01,TRAJ41*01,,CAYRRRNSGYALNF,TRBV5-6*01,TRBJ2-7*01,,CASSLRVWSSYEQYF,YSAMYEEKVAHTDENIAYLMFHYYTWAVQAYTGY,EMQLTPFFI<sep>YSAMYEEKVAHTDENIAYLMFHYYTWAVQAYTGY
751,751,FRSTRFLHI,HLA-C*07:02,TRAV19*01,TRAJ18*01,,CALSEETDRGSTLGRLYF,TRBV3-1*01,TRBJ2-1*01,,CASSQDGGFEQFF,YDSGYREKYRQADVSNLYLRSDSYTLAALAYTWY,FRSTRFLHI<sep>YDSGYREKYRQADVSNLYLRSDSYTLAALAYTWY
752,752,SLTQILLTWT,HLA-A*02:01,TRAV12-1*01,TRAJ23*01,,CVVNMYNQGGKLIF,TRBV6-5*01,TRBJ2-7*01,,CASSYSGPNYEQYF,YFAMYGEKVAHTHVDTLYVRYHYYTWAVLAYTWY,SLTQILLTWT<sep>YFAMYGEKVAHTHVDTLYVRYHYYTWAVLAYTWY
753,753,HMWRAAFTAER,HLA-A*02:01,TRAV12-2*01,TRAJ52*01,,CAVNSYGKLTF,TRBV2*01,TRBJ1-6*02,,CASSDGTLGNSPLHF,YFAMYGEKVAHTHVDTLYVRYHYYTWAVLAYTWY,HMWRAAFTAER<sep>YFAMYGEKVAHTHVDTLYVRYHYYTWAVLAYTWY
754,754,LGLWYLQTALE,HLA-A*02:01,TRAV29/DV5*01,TRAJ30*01,,CAASEGDDKIIF,TRBV7-9*01,TRBJ2-7*01,,CASSLAWAPEQYF,YFAMYGEKVAHTHVDTLYVRYHYYTWAVLAYTWY,LGLWYLQTALE<sep>YFAMYGEKVAHTHVDTLYVRYHYYTWAVLAYTWY
755,755,FQVIQPERV,HLA-A*02:01,TRAV12-2*01,TRAJ6*01,,CAVNRAGGSYIPTF,TRBV12-4*01,TRBJ1-4*01,,CASSQGQGVLGMKKLFF,YFAMYGEKVAHTHVDTLYVRYHYYTWAVLAYTWY,FQVIQPERV<sep>YFAMYGEKVAHTHVDTLYVRYHYYTWAVLAYTWY
756,756,VMVNHLHKY,HLA-A*11:01,TRAV4*01,TRAJ38*01,,CLVIEAGNNRKLIW,TRBV24-1*01,TRBJ2-1*01,,CATSDLGLEVDEQFF,YYAMYQENVAQTDVDTLYIIYRDYTWAAQAYRWY,VMVNHLHKY<sep>YYAMYQENVAQTDVDTLYIIYRDYTWAAQAYRWY
757,757,VSFGLQFQF,HLA-B*57:01,TRAV12-3*01,TRAJ10*01,,CAMTRGGGGNKLTF,TRBV6-2*01,TRBJ2-1*01,,CASSYGGPEQFF,YYAMYGENMASTYENIAYIVYDSYTWAVLAYLWY,VSFGLQFQF<sep>YYAMYGENMASTYENIAYIVYDSYTWAVLAYLWY
758,758,KRKEPLKI,HLA-C*07:01,TRAV1-2*03,TRAJ13*02,,CAAHSGGYQKVTF,TRBV2*01,TRBJ2-7*01,,CASSEDEQEYSYEQYF,YDSGYRENYRQADVSNLYLRYDSYTLAALAYTWY,KRKEPLKI<sep>YDSGYRENYRQADVSNLYLRYDSYTLAALAYTWY
759,759,RPSTAEKYIF,HLA-B*35:01,TRAV1-2*01,TRAJ20*01,,CAVKGDYKLSF,TRBV7-9*01,TRBJ2-1*01,,CASSDRSYNEQFF,YYATYRNIFTNTYESNLYIRYDSYTWAVLAYLWY,RPSTAEKYIF<sep>YYATYRNIFTNTYESNLYIRYDSYTWAVLAYLWY
760,760,QMMVKAGL,HLA-B*08:01,TRAV29/DV5*01,TRAJ49*01,,CAANTGNQFYF,TRBV11-2*01,TRBJ2-2*01,,CASSWRTGNSGELFF,YDSEYRNIFTNTDESNLYLSYNYYTWAVDAYTWY,QMMVKAGL<sep>YDSEYRNIFTNTDESNLYLSYNYYTWAVDAYTWY
761,761,QMMVKAGL,HLA-B*08:01,TRAV26-1*01,TRAJ26*01,,CIVRVGPADNYGQNFVF,TRBV3-1*01,TRBJ2-3*01,,CASSPRREQGDTQYF,YDSEYRNIFTNTDESNLYLSYNYYTWAVDAYTWY,QMMVKAGL<sep>YDSEYRNIFTNTDESNLYLSYNYYTWAVDAYTWY
762,762,QMMVKAGL,HLA-B*08:01,TRAV6*01,TRAJ38*01,,CALPSNAGNNRKLIW,TRBV9*01,TRBJ2-2*01,,CASSVERGRNTGELFF,YDSEYRNIFTNTDESNLYLSYNYYTWAVDAYTWY,QMMVKAGL<sep>YDSEYRNIFTNTDESNLYLSYNYYTWAVDAYTWY
763,763,QMMVKAGL,HLA-B*08:01,TRAV20*01,TRAJ6*01,,CAVRGSYIPTF,TRBV20-1*01,TRBJ1-1*01,,CSAREGVNTEAFF,YDSEYRNIFTNTDESNLYLSYNYYTWAVDAYTWY,QMMVKAGL<sep>YDSEYRNIFTNTDESNLYLSYNYYTWAVDAYTWY
764,764,QMMVKAGL,HLA-B*08:01,TRAV41*01,TRAJ49*01,,CAVENTGNQFYF,TRBV4-1*01,TRBJ1-4*01,,CASRAWGREGEKLFF,YDSEYRNIFTNTDESNLYLSYNYYTWAVDAYTWY,QMMVKAGL<sep>YDSEYRNIFTNTDESNLYLSYNYYTWAVDAYTWY
765,765,QMMVKAGL,HLA-B*08:01,TRAV17*01,TRAJ31*01,,CATDESNARLMF,TRBV11-2*01,TRBJ2-7*01,,CASSLIRTWDEQYF,YDSEYRNIFTNTDESNLYLSYNYYTWAVDAYTWY,QMMVKAGL<sep>YDSEYRNIFTNTDESNLYLSYNYYTWAVDAYTWY
766,766,QMMVKAGL,HLA-B*08:01,TRAV29/DV5*01,TRAJ10*01,,CAASVGGGNKLTF,TRBV3-1*01,TRBJ2-1*01,,CASSPDRGYEQFF,YDSEYRNIFTNTDESNLYLSYNYYTWAVDAYTWY,QMMVKAGL<sep>YDSEYRNIFTNTDESNLYLSYNYYTWAVDAYTWY
767,767,QMMVKAGL,HLA-B*08:01,TRAV8-4*01,TRAJ11*01,,CAVSGGYSTLTF,TRBV19*01,TRBJ1-1*01,,CASSMIPDMNTEAFF,YDSEYRNIFTNTDESNLYLSYNYYTWAVDAYTWY,QMMVKAGL<sep>YDSEYRNIFTNTDESNLYLSYNYYTWAVDAYTWY
768,768,QMMVKAGL,HLA-B*08:01,TRAV8-2*01,TRAJ4*01,,CVVSLGGYNKLIF,TRBV20-1*01,TRBJ2-1*01,,CSARDRYNEQFF,YDSEYRNIFTNTDESNLYLSYNYYTWAVDAYTWY,QMMVKAGL<sep>YDSEYRNIFTNTDESNLYLSYNYYTWAVDAYTWY
769,769,QMMVKAGL,HLA-B*08:01,TRAV8-6*01,TRAJ32*01,,CAVTNGGATNKLIF,TRBV3-1*01,TRBJ2-5*01,,CASSQWGRPQETQYF,YDSEYRNIFTNTDESNLYLSYNYYTWAVDAYTWY,QMMVKAGL<sep>YDSEYRNIFTNTDESNLYLSYNYYTWAVDAYTWY
770,770,QMMVKAGL,HLA-B*08:01,TRAV8-3*01,TRAJ20*01,,CACGDYKLSF,TRBV9*01,TRBJ2-3*01,,CASSPSELAGGRLDTQYF,YDSEYRNIFTNTDESNLYLSYNYYTWAVDAYTWY,QMMVKAGL<sep>YDSEYRNIFTNTDESNLYLSYNYYTWAVDAYTWY
771,771,QMMVKAGL,HLA-B*08:01,TRAV20*01,TRAJ45*01,,CAVRTYSGGGADGLTF,TRBV12-3*01,TRBJ2-3*01,,CASAPRRDRGTDTQYF,YDSEYRNIFTNTDESNLYLSYNYYTWAVDAYTWY,QMMVKAGL<sep>YDSEYRNIFTNTDESNLYLSYNYYTWAVDAYTWY
772,772,QMMVKAGL,HLA-B*08:01,TRAV17*01,TRAJ54*01,,CATDGRGGAQKLVF,TRBV3-1*01,TRBJ1-4*01,,CASSSIAGRGEKLFF,YDSEYRNIFTNTDESNLYLSYNYYTWAVDAYTWY,QMMVKAGL<sep>YDSEYRNIFTNTDESNLYLSYNYYTWAVDAYTWY
773,773,QMMVKAGL,HLA-B*08:01,TRAV8-3*01,TRAJ47*01,,CAVGADGNKLVF,TRBV27*01,TRBJ2-7*01,,CASSIGQGKSSYEQYF,YDSEYRNIFTNTDESNLYLSYNYYTWAVDAYTWY,QMMVKAGL<sep>YDSEYRNIFTNTDESNLYLSYNYYTWAVDAYTWY
774,774,QMMVKAGL,HLA-B*08:01,TRAV5*01,TRAJ37*01,,CAETPIGSSNTGKLIF,TRBV25-1*01,TRBJ2-7*01,,CASSVRYEQYF,YDSEYRNIFTNTDESNLYLSYNYYTWAVDAYTWY,QMMVKAGL<sep>YDSEYRNIFTNTDESNLYLSYNYYTWAVDAYTWY
775,775,QMMVKAGL,HLA-B*08:01,TRAV22*01,TRAJ22*01,,CAVEFPSSGSARQLTF,TRBV11-2*01,TRBJ2-3*01,,CASSSPRVAGRPDTQYF,YDSEYRNIFTNTDESNLYLSYNYYTWAVDAYTWY,QMMVKAGL<sep>YDSEYRNIFTNTDESNLYLSYNYYTWAVDAYTWY
776,776,QMMVKAGL,HLA-B*08:01,TRAV12-2*01,TRAJ40*01,,CAVNPGTYKYIF,TRBV12-3*01,TRBJ2-3*01,,CASAPRRDRGTDTQYF,YDSEYRNIFTNTDESNLYLSYNYYTWAVDAYTWY,QMMVKAGL<sep>YDSEYRNIFTNTDESNLYLSYNYYTWAVDAYTWY
777,777,QMMVKAGL,HLA-B*08:01,TRAV29/DV5*01,TRAJ26*01,,CAARCHGQNFVF,TRBV3-1*01,TRBJ2-7*01,,CASSYRSSYEQYF,YDSEYRNIFTNTDESNLYLSYNYYTWAVDAYTWY,QMMVKAGL<sep>YDSEYRNIFTNTDESNLYLSYNYYTWAVDAYTWY
778,778,QMMVKAGL,HLA-B*08:01,TRAV38-2/DV8*01,TRAJ33*01,,CAYRSAARDSNYQLIW,TRBV12-5*01,TRBJ2-1*01,,CASGLLTSGSINEQFF,YDSEYRNIFTNTDESNLYLSYNYYTWAVDAYTWY,QMMVKAGL<sep>YDSEYRNIFTNTDESNLYLSYNYYTWAVDAYTWY
779,779,QMMVKAGL,HLA-B*08:01,TRAV21*01,TRAJ49*01,,CAVLNTGNQFYF,TRBV12-3*01,TRBJ1-2*01,,CASTVNRGSEGYTF,YDSEYRNIFTNTDESNLYLSYNYYTWAVDAYTWY,QMMVKAGL<sep>YDSEYRNIFTNTDESNLYLSYNYYTWAVDAYTWY
780,780,QMMVKAGL,HLA-B*08:01,TRAV12-2*01,TRAJ4*01,,CAVNSGFSGGYNKLIF,TRBV11-2*01,TRBJ1-1*01,,CASSFRQGEAFF,YDSEYRNIFTNTDESNLYLSYNYYTWAVDAYTWY,QMMVKAGL<sep>YDSEYRNIFTNTDESNLYLSYNYYTWAVDAYTWY
781,781,QMMVKAGL,HLA-B*08:01,TRAV4*01,TRAJ39*01,,CLVGDSGNAGNMLTF,TRBV2*01,TRBJ1-4*01,,CASRMTGGKTNEKLFF,YDSEYRNIFTNTDESNLYLSYNYYTWAVDAYTWY,QMMVKAGL<sep>YDSEYRNIFTNTDESNLYLSYNYYTWAVDAYTWY
782,782,QMMVKAGL,HLA-B*08:01,TRAV1-2*01,TRAJ15*01,,CAVDQAGTALIF,TRBV18*01,TRBJ1-1*01,,CASSPPRSEAFF,YDSEYRNIFTNTDESNLYLSYNYYTWAVDAYTWY,QMMVKAGL<sep>YDSEYRNIFTNTDESNLYLSYNYYTWAVDAYTWY
783,783,QMMVKAGL,HLA-B*08:01,TRAV9-2*01,TRAJ39*01,,CAQNAGNMLTF,TRBV20-1*01,TRBJ2-7*01,,CSANPEGPYEQYF,YDSEYRNIFTNTDESNLYLSYNYYTWAVDAYTWY,QMMVKAGL<sep>YDSEYRNIFTNTDESNLYLSYNYYTWAVDAYTWY
784,784,QMMVKAGL,HLA-B*08:01,TRAV20*01,TRAJ33*01,,CAVDRGMDSNYQLIW,TRBV28*01,TRBJ2-7*01,,CASSFLFRDGTYEQYF,YDSEYRNIFTNTDESNLYLSYNYYTWAVDAYTWY,QMMVKAGL<sep>YDSEYRNIFTNTDESNLYLSYNYYTWAVDAYTWY
785,785,QMMVKAGL,HLA-B*08:01,TRAV9-2*01,TRAJ37*01,,CAPLKGKLIF,TRBV11-2*01,TRBJ2-5*01,,CASSLEGRREGETQYF,YDSEYRNIFTNTDESNLYLSYNYYTWAVDAYTWY,QMMVKAGL<sep>YDSEYRNIFTNTDESNLYLSYNYYTWAVDAYTWY
786,786,QMMVKAGL,HLA-B*08:01,TRAV3*01,TRAJ28*01,,CAVRQTAYSGAGSYQLTF,TRBV2*01,TRBJ2-3*01,,CASSSSPRGDTQYF,YDSEYRNIFTNTDESNLYLSYNYYTWAVDAYTWY,QMMVKAGL<sep>YDSEYRNIFTNTDESNLYLSYNYYTWAVDAYTWY
787,787,QMMVKAGL,HLA-B*08:01,TRAV8-2*01,TRAJ29*01,,CVVSDPFGNTPLVF,TRBV29-1*01,TRBJ2-5*01,,CSVWVGREQETQYF,YDSEYRNIFTNTDESNLYLSYNYYTWAVDAYTWY,QMMVKAGL<sep>YDSEYRNIFTNTDESNLYLSYNYYTWAVDAYTWY
788,788,QMMVKAGL,HLA-B*08:01,TRAV26-2*01,TRAJ49*01,,CILRDVMNTGNQFYF,TRBV4-1*01,TRBJ2-7*01,,CASSPRDRARGDEQYF,YDSEYRNIFTNTDESNLYLSYNYYTWAVDAYTWY,QMMVKAGL<sep>YDSEYRNIFTNTDESNLYLSYNYYTWAVDAYTWY
789,789,QMMVKAGL,HLA-B*08:01,TRAV22*01,TRAJ45*01,,CAVVSWYSGGGADGLTF,TRBV9*01,TRBJ2-1*01,,CASSPGDRGKTNEQFF,YDSEYRNIFTNTDESNLYLSYNYYTWAVDAYTWY,QMMVKAGL<sep>YDSEYRNIFTNTDESNLYLSYNYYTWAVDAYTWY
790,790,QMMVKAGL,HLA-B*08:01,TRAV13-1*01,TRAJ26*01,,CAASGNYGQNFVF,TRBV4-1*01,TRBJ1-4*01,,CASSQDPPGRLGKLFF,YDSEYRNIFTNTDESNLYLSYNYYTWAVDAYTWY,QMMVKAGL<sep>YDSEYRNIFTNTDESNLYLSYNYYTWAVDAYTWY
791,791,QMMVKAGL,HLA-B*08:01,TRAV29/DV5*01,TRAJ47*01,,CAAMEYGNKLVF,TRBV9*01,TRBJ2-1*01,,CASSVEIAGRYNEQFF,YDSEYRNIFTNTDESNLYLSYNYYTWAVDAYTWY,QMMVKAGL<sep>YDSEYRNIFTNTDESNLYLSYNYYTWAVDAYTWY
792,792,QMMVKAGL,HLA-B*08:01,TRAV19*01,TRAJ48*01,,CALSEAPSNFGNEKLTF,TRBV4-1*01,TRBJ2-6*01,,CASSHRDRGISGANVLTF,YDSEYRNIFTNTDESNLYLSYNYYTWAVDAYTWY,QMMVKAGL<sep>YDSEYRNIFTNTDESNLYLSYNYYTWAVDAYTWY
793,793,QMMVKAGL,HLA-B*08:01,TRAV3*01,TRAJ5*01,,CAVAMDTGRRALTF,TRBV9*01,TRBJ2-3*01,,CASSNYPGGARTDTQYF,YDSEYRNIFTNTDESNLYLSYNYYTWAVDAYTWY,QMMVKAGL<sep>YDSEYRNIFTNTDESNLYLSYNYYTWAVDAYTWY
794,794,QMMVKAGL,HLA-B*08:01,TRAV8-6*01,TRAJ52*01,,CAVSLNAGGTSYGKLTF,TRBV18*01,TRBJ2-7*01,,CASSPPRNMEPSYEQYF,YDSEYRNIFTNTDESNLYLSYNYYTWAVDAYTWY,QMMVKAGL<sep>YDSEYRNIFTNTDESNLYLSYNYYTWAVDAYTWY
795,795,QMMVKAGL,HLA-B*08:01,TRAV3*01,TRAJ13*01,,CAVRDLDSGGYQKVTF,TRBV16*01,TRBJ2-7*01,,CASSHLDRGKKDYEQYF,YDSEYRNIFTNTDESNLYLSYNYYTWAVDAYTWY,QMMVKAGL<sep>YDSEYRNIFTNTDESNLYLSYNYYTWAVDAYTWY
796,796,QMMVKAGL,HLA-B*08:01,TRAV8-1*01,TRAJ13*01,,CAVNMALGGGYQKVTF,TRBV5-6*01,TRBJ2-7*01,,CASSPPARDRDHEQYF,YDSEYRNIFTNTDESNLYLSYNYYTWAVDAYTWY,QMMVKAGL<sep>YDSEYRNIFTNTDESNLYLSYNYYTWAVDAYTWY
797,797,QMMVKAGL,HLA-B*08:01,TRAV26-1*01,TRAJ41*01,,CIVRVAASVSNSGYALNF,TRBV19*01,TRBJ1-1*01,,CASSSRDRGLGTEAFF,YDSEYRNIFTNTDESNLYLSYNYYTWAVDAYTWY,QMMVKAGL<sep>YDSEYRNIFTNTDESNLYLSYNYYTWAVDAYTWY
798,798,QMMVKAGL,HLA-B*08:01,TRAV8-3*01,TRAJ20*01,,CAVGDYKLSF,TRBV9*01,TRBJ2-3*01,,CASSPSQTSGGRTDTQYF,YDSEYRNIFTNTDESNLYLSYNYYTWAVDAYTWY,QMMVKAGL<sep>YDSEYRNIFTNTDESNLYLSYNYYTWAVDAYTWY
799,799,QMMVKAGL,HLA-B*08:01,TRAV1-2*01,TRAJ32*01,,CAVSWGYGGATNKLIF,TRBV5-6*01,TRBJ1-2*01,,CASSLGDRGRGYGYTF,YDSEYRNIFTNTDESNLYLSYNYYTWAVDAYTWY,QMMVKAGL<sep>YDSEYRNIFTNTDESNLYLSYNYYTWAVDAYTWY
800,800,HPNGYKSLSTL,HLA-B*07:02,TRAV38-2/DV8*01,TRAJ43*01,,CAYRSAVTYDMRF,TRBV27*01,TRBJ1-5*01,,CASSLYGNQPQHF,YYSEYRNIYAQTDESNLYLSYDYYTWAERAYEWY,HPNGYKSLSTL<sep>YYSEYRNIYAQTDESNLYLSYDYYTWAERAYEWY
801,801,HPNGYKSLSTL,HLA-B*07:02,TRAV38-2/DV8*01,TRAJ33*01,,CAYRSAVGYQLIW,TRBV27*01,TRBJ1-5*01,,CASSQYSNQPQHF,YYSEYRNIYAQTDESNLYLSYDYYTWAERAYEWY,HPNGYKSLSTL<sep>YYSEYRNIYAQTDESNLYLSYDYYTWAERAYEWY
802,802,HPNGYKSLSTL,HLA-B*07:02,TRAV27*01,TRAJ34*01,,CAGPPRPSYNTDKLIF,TRBV28*01,TRBJ1-2*01,,CASTPRGRGLVYGYTF,YYSEYRNIYAQTDESNLYLSYDYYTWAERAYEWY,HPNGYKSLSTL<sep>YYSEYRNIYAQTDESNLYLSYDYYTWAERAYEWY
803,803,HPNGYKSLSTL,HLA-B*07:02,TRAV19*01,TRAJ4*01,,CALGSFSGGYNKLIF,TRBV4-1*01,TRBJ2-5*01,,CASSQLEQGGETQYF,YYSEYRNIYAQTDESNLYLSYDYYTWAERAYEWY,HPNGYKSLSTL<sep>YYSEYRNIYAQTDESNLYLSYDYYTWAERAYEWY
804,804,HPNGYKSLSTL,HLA-B*07:02,TRAV38-2/DV8*01,TRAJ33*01,,CAYRSANNYQLIW,TRBV27*01,TRBJ2-1*01,,CASSLYGSSYNEQFF,YYSEYRNIYAQTDESNLYLSYDYYTWAERAYEWY,HPNGYKSLSTL<sep>YYSEYRNIYAQTDESNLYLSYDYYTWAERAYEWY
805,805,HPNGYKSLSTL,HLA-B*07:02,TRAV6*01,TRAJ29*01,,CAPRNTPLVF,TRBV27*01,TRBJ1-5*01,,CASSLYGGQPQHF,YYSEYRNIYAQTDESNLYLSYDYYTWAERAYEWY,HPNGYKSLSTL<sep>YYSEYRNIYAQTDESNLYLSYDYYTWAERAYEWY
806,806,HPNGYKSLSTL,HLA-B*07:02,TRAV19*01,TRAJ13*01,,CALSSTSGGYQKVTF,TRBV3-1*01,TRBJ1-1*01,,CASSQERKAGGPTEAFF,YYSEYRNIYAQTDESNLYLSYDYYTWAERAYEWY,HPNGYKSLSTL<sep>YYSEYRNIYAQTDESNLYLSYDYYTWAERAYEWY
807,807,HPNGYKSLSTL,HLA-B*07:02,TRAV13-2*01,TRAJ6*01,,CAETPSGGSYIPTF,TRBV5-6*01,TRBJ2-7*01,,CASSLGHGRSSYEQYF,YYSEYRNIYAQTDESNLYLSYDYYTWAERAYEWY,HPNGYKSLSTL<sep>YYSEYRNIYAQTDESNLYLSYDYYTWAERAYEWY
808,808,HPNGYKSLSTL,HLA-B*07:02,TRAV38-2/DV8*01,TRAJ29*01,,CAYRSAIRNTPLVF,TRBV27*01,TRBJ1-5*01,,CASSLYSNQPQHF,YYSEYRNIYAQTDESNLYLSYDYYTWAERAYEWY,HPNGYKSLSTL<sep>YYSEYRNIYAQTDESNLYLSYDYYTWAERAYEWY
809,809,HPNGYKSLSTL,HLA-B*07:02,TRAV19*01,TRAJ4*01,,CALLIFSGGYNKLIF,TRBV4-1*01,TRBJ2-5*01,,CASSQEGGGETQYF,YYSEYRNIYAQTDESNLYLSYDYYTWAERAYEWY,HPNGYKSLSTL<sep>YYSEYRNIYAQTDESNLYLSYDYYTWAERAYEWY
810,810,HPNGYKSLSTL,HLA-B*07:02,TRAV14/DV4*01,TRAJ10*01,,CAMREGPKLTGGGNKLTF,TRBV20-1*01,TRBJ2-1*01,,CSANPRDESYNEQFF,YYSEYRNIYAQTDESNLYLSYDYYTWAERAYEWY,HPNGYKSLSTL<sep>YYSEYRNIYAQTDESNLYLSYDYYTWAERAYEWY
811,811,HPNGYKSLSTL,HLA-B*07:02,TRAV8-1*01,TRAJ39*01,,CAVRVNNAGNMLTF,TRBV7-2*01,TRBJ2-5*01,,CASSPGLPEYF,YYSEYRNIYAQTDESNLYLSYDYYTWAERAYEWY,HPNGYKSLSTL<sep>YYSEYRNIYAQTDESNLYLSYDYYTWAERAYEWY
812,812,HPNGYKSLSTL,HLA-B*07:02,TRAV8-1*01,TRAJ13*01,,CAVNDMNSGGYQKVTF,TRBV12-5*01,TRBJ2-1*01,,CASGAPGTPYNEQFF,YYSEYRNIYAQTDESNLYLSYDYYTWAERAYEWY,HPNGYKSLSTL<sep>YYSEYRNIYAQTDESNLYLSYDYYTWAERAYEWY
813,813,HPNGYKSLSTL,HLA-B*07:02,TRAV19*01,TRAJ4*01,,CALTRPGGGYNKLIF,TRBV2*01,TRBJ2-1*01,,CASRGLQGRIDYNEQFF,YYSEYRNIYAQTDESNLYLSYDYYTWAERAYEWY,HPNGYKSLSTL<sep>YYSEYRNIYAQTDESNLYLSYDYYTWAERAYEWY
814,814,HPNGYKSLSTL,HLA-B*07:02,TRAV38-2/DV8*01,TRAJ43*01,,CAYRSSYNNNDMRF,TRBV27*01,TRBJ2-7*01,,CASRIYAGSPYEQYF,YYSEYRNIYAQTDESNLYLSYDYYTWAERAYEWY,HPNGYKSLSTL<sep>YYSEYRNIYAQTDESNLYLSYDYYTWAERAYEWY
815,815,HPNGYKSLSTL,HLA-B*07:02,TRAV10*01,TRAJ40*01,,CVVSGTSGTYKYIF,TRBV19*01,TRBJ2-1*01,,CASRARVLDEQFF,YYSEYRNIYAQTDESNLYLSYDYYTWAERAYEWY,HPNGYKSLSTL<sep>YYSEYRNIYAQTDESNLYLSYDYYTWAERAYEWY
816,816,HPNGYKSLSTL,HLA-B*07:02,TRAV1-2*01,TRAJ28*01,,CAVRLYSGAGSYQLTF,TRBV7-9*01,TRBJ2-7*01,,CASSLDSSGGNEQYF,YYSEYRNIYAQTDESNLYLSYDYYTWAERAYEWY,HPNGYKSLSTL<sep>YYSEYRNIYAQTDESNLYLSYDYYTWAERAYEWY
817,817,HPNGYKSLSTL,HLA-B*07:02,TRAV38-2/DV8*01,TRAJ33*01,,CAYRSASNYQLIW,TRBV27*01,TRBJ1-1*01,,CASSLYPGANTEAFF,YYSEYRNIYAQTDESNLYLSYDYYTWAERAYEWY,HPNGYKSLSTL<sep>YYSEYRNIYAQTDESNLYLSYDYYTWAERAYEWY
818,818,HPNGYKSLSTL,HLA-B*07:02,TRAV38-2/DV8*01,TRAJ39*01,,CAYRSASNAGNMLTF,TRBV27*01,TRBJ1-5*01,,CASSLYRGSNQPQHF,YYSEYRNIYAQTDESNLYLSYDYYTWAERAYEWY,HPNGYKSLSTL<sep>YYSEYRNIYAQTDESNLYLSYDYYTWAERAYEWY
819,819,HPNGYKSLSTL,HLA-B*07:02,TRAV19*01,TRAJ4*01,,CALLLFSGGYNKLIF,TRBV3-1*01,TRBJ2-5*01,,CASSPREGGETQYF,YYSEYRNIYAQTDESNLYLSYDYYTWAERAYEWY,HPNGYKSLSTL<sep>YYSEYRNIYAQTDESNLYLSYDYYTWAERAYEWY
820,820,HPNGYKSLSTL,HLA-B*07:02,TRAV38-2/DV8*01,TRAJ44*01,,CAYRSGTASKLTF,TRBV4-3*01,TRBJ2-1*01,,CASSQDRGLAGGTYNEQFF,YYSEYRNIYAQTDESNLYLSYDYYTWAERAYEWY,HPNGYKSLSTL<sep>YYSEYRNIYAQTDESNLYLSYDYYTWAERAYEWY
821,821,HPNGYKSLSTL,HLA-B*07:02,TRAV14/DV4*01,TRAJ10*01,,CAMREGPELTGGGNKLTF,TRBV20-1*01,TRBJ1-2*01,,CSAKRNRAYHYGYTF,YYSEYRNIYAQTDESNLYLSYDYYTWAERAYEWY,HPNGYKSLSTL<sep>YYSEYRNIYAQTDESNLYLSYDYYTWAERAYEWY
822,822,HPNGYKSLSTL,HLA-B*07:02,TRAV1-2*01,TRAJ41*01,,CAVRDRTPNSGYALNF,TRBV7-2*01,TRBJ1-1*01,,CASSFGTGEAFF,YYSEYRNIYAQTDESNLYLSYDYYTWAERAYEWY,HPNGYKSLSTL<sep>YYSEYRNIYAQTDESNLYLSYDYYTWAERAYEWY
823,823,HPNGYKSLSTL,HLA-B*07:02,TRAV19*01,TRAJ13*01,,CALSRISGGYQKVTF,TRBV3-1*01,TRBJ1-4*01,,CASSQERDRRAVEKLFF,YYSEYRNIYAQTDESNLYLSYDYYTWAERAYEWY,HPNGYKSLSTL<sep>YYSEYRNIYAQTDESNLYLSYDYYTWAERAYEWY
824,824,HPNGYKSLSTL,HLA-B*07:02,TRAV25*01,TRAJ31*01,,CAGRINNARLMF,TRBV6-5*01,TRBJ2-1*01,,CASSRDLNEQFF,YYSEYRNIYAQTDESNLYLSYDYYTWAERAYEWY,HPNGYKSLSTL<sep>YYSEYRNIYAQTDESNLYLSYDYYTWAERAYEWY
825,825,HPNGYKSLSTL,HLA-B*07:02,TRAV19*01,TRAJ13*01,,CALTEYSGGYQKVTF,TRBV3-1*01,TRBJ1-4*01,,CASSQDRDRGPDEKLFF,YYSEYRNIYAQTDESNLYLSYDYYTWAERAYEWY,HPNGYKSLSTL<sep>YYSEYRNIYAQTDESNLYLSYDYYTWAERAYEWY
826,826,HPNGYKSLSTL,HLA-B*07:02,TRAV19*01,TRAJ13*01,,CALSEKSGGYQKVTF,TRBV3-1*01,TRBJ2-3*01,,CASSQERGDNTKNTQYF,YYSEYRNIYAQTDESNLYLSYDYYTWAERAYEWY,HPNGYKSLSTL<sep>YYSEYRNIYAQTDESNLYLSYDYYTWAERAYEWY
827,827,HPNGYKSLSTL,HLA-B*07:02,TRAV38-2/DV8*01,TRAJ30*01,,CAYRSAIQDKIIF,TRBV27*01,TRBJ2-1*01,,CASSPHPGTSGGASYNEQFF,YYSEYRNIYAQTDESNLYLSYDYYTWAERAYEWY,HPNGYKSLSTL<sep>YYSEYRNIYAQTDESNLYLSYDYYTWAERAYEWY
828,828,HPNGYKSLSTL,HLA-B*07:02,TRAV19*01,TRAJ4*01,,CALGLFSGGYNKLIF,TRBV4-1*01,TRBJ2-5*01,,CASSHRTGGETQYF,YYSEYRNIYAQTDESNLYLSYDYYTWAERAYEWY,HPNGYKSLSTL<sep>YYSEYRNIYAQTDESNLYLSYDYYTWAERAYEWY
829,829,HPNGYKSLSTL,HLA-B*07:02,TRAV19*01,TRAJ13*01,,CALSEYSGGYQKVTF,TRBV9*01,TRBJ2-1*01,,CASSVATSGGSQQFF,YYSEYRNIYAQTDESNLYLSYDYYTWAERAYEWY,HPNGYKSLSTL<sep>YYSEYRNIYAQTDESNLYLSYDYYTWAERAYEWY
830,830,HPNGYKSLSTL,HLA-B*07:02,TRAV38-2/DV8*01,TRAJ41*01,,CAYRSATGYALNF,TRBV27*01,TRBJ2-1*01,,CASSLYGSVQNEQFF,YYSEYRNIYAQTDESNLYLSYDYYTWAERAYEWY,HPNGYKSLSTL<sep>YYSEYRNIYAQTDESNLYLSYDYYTWAERAYEWY
831,831,HPNGYKSLSTL,HLA-B*07:02,TRAV41*01,TRAJ26*01,,CAVDNYGQNFVF,TRBV27*01,TRBJ2-3*01,,CASSLYGADTQYF,YYSEYRNIYAQTDESNLYLSYDYYTWAERAYEWY,HPNGYKSLSTL<sep>YYSEYRNIYAQTDESNLYLSYDYYTWAERAYEWY
832,832,HPNGYKSLSTL,HLA-B*07:02,TRAV38-2/DV8*01,TRAJ53*01,,CAYRSAGSGGSNYKLTF,TRBV27*01,TRBJ1-5*01,,CASSLMTNQPQHF,YYSEYRNIYAQTDESNLYLSYDYYTWAERAYEWY,HPNGYKSLSTL<sep>YYSEYRNIYAQTDESNLYLSYDYYTWAERAYEWY
833,833,SVCAGILSYGV,HLA-A*02:06,TRAV12-1*01,TRAJ49*01,,CVVNDGTGNQFYF,TRBV9*01,TRBJ2-3*01,,CASSVVDADTQYF,YYAMYGEKVAHTHVDTLYVRYHYYTWAVLAYTWY,SVCAGILSYGV<sep>YYAMYGEKVAHTHVDTLYVRYHYYTWAVLAYTWY
834,834,SVCAGILSYGV,HLA-A*02:06,TRAV13-1*01,TRAJ20*01,,CAASIGSNDYKLSF,TRBV9*01,TRBJ2-3*01,,CASSVVDADTQYF,YYAMYGEKVAHTHVDTLYVRYHYYTWAVLAYTWY,SVCAGILSYGV<sep>YYAMYGEKVAHTHVDTLYVRYHYYTWAVLAYTWY
835,835,SVCAGILSYGV,HLA-A*02:06,TRAV12-1*01,TRAJ34*01,,CVAASYNTDKLIF,TRBV3-1*01,TRBJ1-1*01,,CASSQVGRGRGAFF,YYAMYGEKVAHTHVDTLYVRYHYYTWAVLAYTWY,SVCAGILSYGV<sep>YYAMYGEKVAHTHVDTLYVRYHYYTWAVLAYTWY
